id,first_name,last_name,email,gender,ip_address
1,Rebekah,Upstell,rupstell0@samsung.com,Female,184.173.139.149
2,Arturo,Dametti,adametti1@google.fr,Male,158.121.182.224
3,Marena,Brandacci,mbrandacci2@clickbank.net,Female,222.42.100.165
4,Vyky,Jeffreys,vjeffreys3@illinois.edu,Female,189.70.138.115
5,Teddy,Penman,tpenman4@answers.com,Male,232.34.215.242
6,Dolley,Whiterod,dwhiterod5@devhub.com,Female,18.63.109.27
7,Nevile,Baudet,nbaudet6@1und1.de,Male,37.87.207.194
8,Hillery,Toffoloni,htoffoloni7@npr.org,Male,95.127.10.230
9,Raff,Gartrell,rgartrell8@webmd.com,Male,253.40.119.187
10,Reinaldos,Marchand,rmarchand9@discovery.com,Male,137.27.231.210
11,Chariot,Frankum,cfrankuma@businessinsider.com,Male,52.214.86.32
12,Earl,Bartzen,ebartzenb@adobe.com,Male,204.206.134.148
13,Terri,Stoile,tstoilec@epa.gov,Male,85.190.208.147
14,Lucian,Seamons,lseamonsd@webeden.co.uk,Male,56.100.66.13
15,Gale,O'Hoolahan,gohoolahane@wikimedia.org,Female,139.114.111.117
16,Leonhard,Prantoni,lprantonif@hibu.com,Male,216.130.193.15
17,Arabela,Carah,acarahg@yandex.ru,Female,228.163.64.231
18,Bonnee,Stiant,bstianth@discovery.com,Female,233.20.142.90
19,Aubree,Reuss,areussi@ucoz.com,Female,16.22.155.50
20,Sheppard,Welfare,swelfarej@jugem.jp,Male,143.172.187.169
21,Edwin,Shoard,eshoardk@google.ca,Male,158.181.22.57
22,Vanni,Kohn,vkohnl@trellian.com,Female,151.99.234.73
23,Rand,Burwell,rburwellm@ucla.edu,Male,255.105.228.207
24,Elinor,Gundrey,egundreyn@ftc.gov,Female,223.134.82.246
25,Emory,Earwaker,eearwakero@fda.gov,Male,145.61.116.229
26,Heall,Duding,hdudingp@indiatimes.com,Male,123.115.133.248
27,Sloan,Scolts,sscoltsq@engadget.com,Male,122.141.186.55
28,Lucas,Filppetti,lfilppettir@cyberchimps.com,Male,110.159.124.42
29,Desirae,Flatley,dflatleys@gov.uk,Female,168.54.163.3
30,Tomkin,Dakhov,tdakhovt@washingtonpost.com,Male,162.119.47.92
31,Cymbre,Copley,ccopleyu@nydailynews.com,Female,0.106.4.192
32,Nealson,Shegog,nshegogv@blinklist.com,Male,229.51.121.165
33,Gerladina,Ganiclef,gganiclefw@craigslist.org,Female,199.130.37.196
34,Florrie,Swansbury,fswansburyx@google.es,Female,69.230.187.105
35,Taddeusz,Tatlowe,ttatlowey@behance.net,Male,172.115.122.64
36,Adelle,Ducker,aduckerz@fotki.com,Female,117.219.139.3
37,Lambert,Belfit,lbelfit10@dion.ne.jp,Male,94.195.96.249
38,Penelope,Celand,pceland11@mlb.com,Female,193.63.169.125
39,Rog,Pencot,rpencot12@meetup.com,Male,147.29.73.19
40,Jabez,Rowe,jrowe13@purevolume.com,Male,233.187.235.30
41,Alphard,Mecco,amecco14@themeforest.net,Male,228.64.63.103
42,Orlando,Brindley,obrindley15@utexas.edu,Male,225.117.122.50
43,Jamesy,Sine,jsine16@paypal.com,Male,126.199.214.48
44,Byrann,Windibank,bwindibank17@msu.edu,Male,196.210.167.52
45,Salomon,Lupton,slupton18@cnbc.com,Male,99.92.162.60
46,Omar,Cressor,ocressor19@wufoo.com,Male,87.74.119.230
47,Karlik,Yemm,kyemm1a@free.fr,Male,82.88.121.44
48,Ludovika,Sharratt,lsharratt1b@xinhuanet.com,Female,76.159.81.183
49,Jayme,Hourican,jhourican1c@123-reg.co.uk,Female,211.49.81.120
50,Ernestine,Kenford,ekenford1d@csmonitor.com,Female,165.32.47.116
51,Tomlin,Ladley,tladley1e@umich.edu,Male,36.91.226.210
52,Elset,Crampsy,ecrampsy1f@cdbaby.com,Female,20.149.122.106
53,Betta,Reoch,breoch1g@independent.co.uk,Female,74.148.105.56
54,Katheryn,Muckloe,kmuckloe1h@wiley.com,Female,88.2.179.233
55,Maurise,Gossop,mgossop1i@google.co.uk,Male,245.194.239.22
56,Filbert,Sandbrook,fsandbrook1j@state.tx.us,Male,45.144.200.223
57,Morganica,Matignon,mmatignon1k@sogou.com,Female,62.220.16.34
58,Lilias,Shearston,lshearston1l@sphinn.com,Female,57.162.197.57
59,Margi,Ciani,mciani1m@elpais.com,Female,80.5.226.104
60,Cristionna,Cadogan,ccadogan1n@gov.uk,Female,249.195.98.50
61,Germaine,Tweedlie,gtweedlie1o@reference.com,Male,20.164.198.143
62,Barry,Bottlestone,bbottlestone1p@mlb.com,Female,218.241.207.51
63,Kathe,Fehner,kfehner1q@reddit.com,Female,111.168.173.220
64,Jammal,O'Curran,jocurran1r@thetimes.co.uk,Male,34.120.249.114
65,Sid,Crowter,scrowter1s@fema.gov,Male,91.101.65.156
66,Abner,Rickaert,arickaert1t@elpais.com,Male,25.46.111.29
67,Hall,Bortolini,hbortolini1u@artisteer.com,Male,28.161.65.168
68,Lexis,Charrier,lcharrier1v@edublogs.org,Female,242.112.234.97
69,Merrie,Gocher,mgocher1w@forbes.com,Female,142.205.94.141
70,Jen,Caveney,jcaveney1x@gmpg.org,Female,186.223.154.55
71,Carl,Vaskov,cvaskov1y@ted.com,Male,235.133.65.112
72,Micheal,Cecely,mcecely1z@hud.gov,Male,176.45.241.91
73,Karrie,Bauchop,kbauchop20@trellian.com,Female,146.54.242.98
74,Osbert,Littleproud,olittleproud21@nytimes.com,Male,41.187.185.229
75,Ardra,Comberbach,acomberbach22@census.gov,Female,39.68.57.178
76,Cthrine,McDaid,cmcdaid23@altervista.org,Female,114.104.3.87
77,Derrick,Mateescu,dmateescu24@devhub.com,Male,67.133.73.34
78,Cassandre,Ding,cding25@soup.io,Female,36.247.27.179
79,Vassili,Mangion,vmangion26@yahoo.com,Male,106.106.214.152
80,Pattie,Drugan,pdrugan27@sun.com,Male,3.108.173.30
81,Austin,Kollaschek,akollaschek28@google.com.br,Male,93.193.194.242
82,Marlena,Goodisson,mgoodisson29@nps.gov,Female,59.2.62.250
83,Herb,Johnston,hjohnston2a@vinaora.com,Male,83.167.173.30
84,Bonnee,Pitchford,bpitchford2b@networkadvertising.org,Female,113.16.146.20
85,Micheline,Reeders,mreeders2c@canalblog.com,Female,175.80.242.55
86,Weider,Checcucci,wcheccucci2d@goodreads.com,Male,11.37.170.45
87,Felix,Jurkiewicz,fjurkiewicz2e@tmall.com,Male,57.243.106.140
88,Theodor,Pollastrino,tpollastrino2f@hhs.gov,Male,156.78.78.87
89,Marcellus,Roddick,mroddick2g@i2i.jp,Male,36.34.65.175
90,Lilas,Ziebart,lziebart2h@jugem.jp,Female,78.189.71.199
91,Lawry,Lagne,llagne2i@nsw.gov.au,Male,91.112.96.189
92,Evania,Cazalet,ecazalet2j@amazon.co.jp,Female,128.98.109.72
93,Babara,Ivanilov,bivanilov2k@mlb.com,Female,142.71.46.242
94,Arni,Munnery,amunnery2l@washingtonpost.com,Male,77.52.66.234
95,Carin,Polin,cpolin2m@mtv.com,Female,106.29.190.100
96,Evelin,Missen,emissen2n@list-manage.com,Male,183.75.101.78
97,Benjamin,Steart,bsteart2o@wsj.com,Male,250.79.239.187
98,Susannah,Godwin,sgodwin2p@aol.com,Female,144.252.24.192
99,Sileas,Gorst,sgorst2q@quantcast.com,Female,250.239.133.154
100,Odella,Derill,oderill2r@netscape.com,Female,237.183.177.79
101,Bat,Michurin,bmichurin2s@home.pl,Male,196.243.97.57
102,Waylin,Edworthye,wedworthye2t@phpbb.com,Male,9.135.84.104
103,Juan,Musprat,jmusprat2u@uol.com.br,Male,73.235.249.210
104,Annmaria,Luetkemeyer,aluetkemeyer2v@ow.ly,Female,130.4.81.231
105,Eliot,Minster,eminster2w@joomla.org,Male,82.11.109.175
106,Maude,Shellum,mshellum2x@myspace.com,Female,18.74.251.210
107,Althea,Figgures,afiggures2y@google.de,Female,8.221.144.14
108,Andreas,Scurlock,ascurlock2z@rambler.ru,Male,0.136.3.83
109,Hammad,Sifleet,hsifleet30@google.co.uk,Male,70.222.142.210
110,Sallyann,Realph,srealph31@alibaba.com,Female,39.94.7.150
111,Dredi,Bernardi,dbernardi32@networkadvertising.org,Female,112.177.101.110
112,Valdemar,Hartshorne,vhartshorne33@amazon.co.jp,Male,23.71.64.212
113,Trenna,McMurtyr,tmcmurtyr34@reference.com,Female,109.209.41.143
114,Claudian,Stonall,cstonall35@wix.com,Male,207.96.84.143
115,Lavinie,Swayton,lswayton36@rakuten.co.jp,Female,227.203.171.135
116,Eydie,Greenroad,egreenroad37@independent.co.uk,Female,251.73.192.3
117,Devonne,McCrow,dmccrow38@sciencedaily.com,Female,219.67.218.130
118,Naomi,Baskerfield,nbaskerfield39@va.gov,Female,177.96.22.90
119,Gwenni,Jimpson,gjimpson3a@qq.com,Female,202.192.107.186
120,Brenda,Steynor,bsteynor3b@de.vu,Female,245.28.172.76
121,Ossie,Muggach,omuggach3c@g.co,Male,69.199.235.252
122,Gray,Semechik,gsemechik3d@springer.com,Male,160.156.173.109
123,See,Taaffe,staaffe3e@arizona.edu,Male,84.174.190.94
124,Washington,Cottie,wcottie3f@wordpress.com,Male,190.75.92.242
125,D'arcy,Curgenven,dcurgenven3g@abc.net.au,Male,74.5.64.141
126,Laetitia,Sarfati,lsarfati3h@reverbnation.com,Female,64.34.215.254
127,Kata,Coulton,kcoulton3i@icio.us,Female,67.233.53.66
128,Price,Filby,pfilby3j@hhs.gov,Male,246.193.20.146
129,Oriana,Aujean,oaujean3k@plala.or.jp,Female,37.155.150.115
130,Evan,Wasbey,ewasbey3l@slate.com,Male,131.133.47.172
131,Almire,Nuzzti,anuzzti3m@1und1.de,Female,87.7.234.109
132,Willa,Pigden,wpigden3n@ow.ly,Female,12.130.124.97
133,Thor,McKiddin,tmckiddin3o@pbs.org,Male,47.40.62.208
134,Bathsheba,Exposito,bexposito3p@bloglines.com,Female,146.209.141.233
135,Daloris,Sheara,dsheara3q@unc.edu,Female,236.142.175.233
136,Katheryn,Wards,kwards3r@illinois.edu,Female,7.254.230.98
137,Dorotea,Brasner,dbrasner3s@illinois.edu,Female,221.218.173.78
138,Sofie,Duffie,sduffie3t@businessinsider.com,Female,112.214.252.77
139,Leela,Sankey,lsankey3u@wsj.com,Female,88.100.197.103
140,Giuditta,Gethouse,ggethouse3v@weebly.com,Female,203.102.105.201
141,Mona,Pywell,mpywell3w@mysql.com,Female,211.245.161.245
142,Dominick,McFeat,dmcfeat3x@vinaora.com,Male,91.130.133.70
143,Petunia,MacKaile,pmackaile3y@hatena.ne.jp,Female,50.10.97.190
144,Bank,Oakley,boakley3z@blogtalkradio.com,Male,40.41.52.237
145,Mitzi,Buxton,mbuxton40@umn.edu,Female,87.80.173.57
146,Jacki,Andersen,jandersen41@irs.gov,Female,36.33.8.111
147,Kevyn,Gethings,kgethings42@microsoft.com,Female,198.203.214.241
148,Gigi,Lampke,glampke43@tuttocitta.it,Female,116.160.245.252
149,Elmira,McCarter,emccarter44@simplemachines.org,Female,89.184.77.127
150,Reggi,Davidofski,rdavidofski45@scribd.com,Female,152.254.52.223
151,Alic,Holby,aholby46@foxnews.com,Male,252.208.242.206
152,Babette,Abley,babley47@berkeley.edu,Female,172.212.116.93
153,Lira,Matzkaitis,lmatzkaitis48@stumbleupon.com,Female,175.76.46.176
154,Ellen,Yanshonok,eyanshonok49@geocities.com,Female,213.253.250.113
155,Gayle,Ors,gors4a@etsy.com,Male,97.7.17.141
156,Coop,Ware,cware4b@qq.com,Male,239.134.116.132
157,Kiah,Chrispin,kchrispin4c@infoseek.co.jp,Female,118.158.126.225
158,Bernadina,MacLachlan,bmaclachlan4d@ebay.co.uk,Female,232.28.80.4
159,Jesus,Anselmi,janselmi4e@sciencedirect.com,Male,232.125.88.222
160,Pierson,Headley,pheadley4f@angelfire.com,Male,143.150.131.165
161,Marlo,Ellison,mellison4g@java.com,Male,157.64.25.61
162,Josie,Robertis,jrobertis4h@ezinearticles.com,Female,221.149.124.72
163,Katheryn,Cregg,kcregg4i@meetup.com,Female,135.67.134.18
164,Merwin,Houldin,mhouldin4j@princeton.edu,Male,70.3.180.131
165,Ganny,Buttrum,gbuttrum4k@washingtonpost.com,Male,29.16.16.60
166,Locke,Gervaise,lgervaise4l@ocn.ne.jp,Male,55.182.231.6
167,Abbie,Glasby,aglasby4m@economist.com,Male,149.102.188.242
168,Lexy,Gynni,lgynni4n@cisco.com,Female,215.28.134.212
169,Khalil,Dunne,kdunne4o@t.co,Male,216.159.235.247
170,Theodor,Hoolaghan,thoolaghan4p@arizona.edu,Male,173.138.224.47
171,Ingrid,Eddis,ieddis4q@geocities.jp,Female,155.66.150.108
172,Britt,Cosham,bcosham4r@epa.gov,Female,226.65.243.161
173,Hartley,Spilstead,hspilstead4s@techcrunch.com,Male,129.234.137.254
174,Garrot,Berrey,gberrey4t@accuweather.com,Male,51.119.32.212
175,Tamas,Juggins,tjuggins4u@123-reg.co.uk,Male,214.19.142.219
176,Rollo,Mobbs,rmobbs4v@mtv.com,Male,52.230.141.187
177,Fidela,Uzelli,fuzelli4w@hibu.com,Female,176.154.26.227
178,Phelia,Jarmyn,pjarmyn4x@mac.com,Female,161.208.73.45
179,Michel,Luckie,mluckie4y@drupal.org,Male,110.58.103.97
180,Jackquelin,Dillimore,jdillimore4z@skyrock.com,Female,97.241.134.192
181,Clarisse,Camellini,ccamellini50@sciencedaily.com,Female,66.184.198.93
182,Weston,Ciani,wciani51@cafepress.com,Male,195.167.15.1
183,Bev,Vyvyan,bvyvyan52@twitter.com,Female,106.241.1.225
184,Angel,Smithson,asmithson53@1und1.de,Female,36.119.4.145
185,Mill,Farnworth,mfarnworth54@mapquest.com,Male,203.9.191.14
186,Latisha,Hargitt,lhargitt55@dagondesign.com,Female,171.80.178.159
187,Dennison,Boar,dboar56@facebook.com,Male,94.56.115.14
188,Barthel,Mallon,bmallon57@twitter.com,Male,221.21.144.61
189,Warden,Wyne,wwyne58@usa.gov,Male,169.41.250.250
190,Karalee,Safont,ksafont59@artisteer.com,Female,29.75.117.123
191,Garek,Olivari,golivari5a@jalbum.net,Male,134.241.8.219
192,Christy,Luis,cluis5b@sciencedaily.com,Male,164.239.88.186
193,Hayden,Chalcraft,hchalcraft5c@yellowbook.com,Male,136.92.161.43
194,Vinnie,Peche,vpeche5d@wisc.edu,Female,223.152.156.157
195,Cristian,Daymont,cdaymont5e@fotki.com,Male,87.1.110.64
196,Glynnis,Kinnaird,gkinnaird5f@about.me,Female,211.207.173.188
197,Forest,Ivashechkin,fivashechkin5g@columbia.edu,Male,83.78.110.172
198,Nannette,Hallworth,nhallworth5h@dmoz.org,Female,111.174.87.43
199,Alfi,Lutas,alutas5i@artisteer.com,Female,211.139.159.34
200,Cosette,Zorzi,czorzi5j@google.ru,Female,222.40.74.159
201,Jandy,Cotsford,jcotsford5k@wisc.edu,Female,72.97.172.28
202,Aguste,Hallibone,ahallibone5l@google.com.au,Male,95.168.67.23
203,Marge,Davidove,mdavidove5m@weather.com,Female,189.127.42.121
204,Maximilianus,Maffioletti,mmaffioletti5n@naver.com,Male,125.199.235.78
205,Pincas,Antognoni,pantognoni5o@mit.edu,Male,145.236.222.83
206,Irvin,Soffe,isoffe5p@vkontakte.ru,Male,107.155.24.191
207,Hervey,Kleint,hkleint5q@fastcompany.com,Male,61.121.241.94
208,Guenevere,Staynes,gstaynes5r@de.vu,Female,158.208.133.218
209,Odella,Peet,opeet5s@github.io,Female,23.110.158.179
210,Burnaby,Aldins,baldins5t@usatoday.com,Male,52.154.123.58
211,Gusella,Wormstone,gwormstone5u@photobucket.com,Female,238.226.110.216
212,Packston,Deluze,pdeluze5v@biglobe.ne.jp,Male,68.140.246.249
213,Danny,Rawstron,drawstron5w@usda.gov,Female,229.71.255.174
214,Lind,Dearing,ldearing5x@cisco.com,Female,188.62.29.228
215,Zeke,Weatherhogg,zweatherhogg5y@digg.com,Male,203.141.21.194
216,Jeniffer,Blenkinsop,jblenkinsop5z@ifeng.com,Female,143.222.10.74
217,Alfie,Pucker,apucker60@wordpress.org,Male,52.70.203.58
218,Joelynn,Lorenc,jlorenc61@ft.com,Female,95.14.247.106
219,Benedick,Eveling,beveling62@imgur.com,Male,186.122.150.214
220,Maximilian,Harwin,mharwin63@indiatimes.com,Male,12.238.149.179
221,Cacilie,Rivalland,crivalland64@msu.edu,Female,35.231.207.101
222,Godwin,Marion,gmarion65@t-online.de,Male,107.130.14.49
223,Pauline,Saffran,psaffran66@timesonline.co.uk,Female,26.236.123.226
224,Laurice,Reignould,lreignould67@webmd.com,Female,7.89.4.90
225,Derwin,Sisson,dsisson68@elegantthemes.com,Male,210.249.95.183
226,Ced,Bushel,cbushel69@amazon.co.uk,Male,163.144.217.201
227,Aguste,Beel,abeel6a@newsvine.com,Male,58.160.226.113
228,Felike,Poynton,fpoynton6b@moonfruit.com,Male,210.32.221.14
229,Cecile,Fucher,cfucher6c@uol.com.br,Female,155.189.125.89
230,Gisela,Bortoloni,gbortoloni6d@mac.com,Female,84.94.162.139
231,Jody,Coie,jcoie6e@eepurl.com,Male,146.120.236.7
232,Margaret,von Nassau,mvonnassau6f@e-recht24.de,Female,140.57.64.250
233,Raimund,McGray,rmcgray6g@google.cn,Male,241.251.253.84
234,Kania,Thiolier,kthiolier6h@scribd.com,Female,220.113.70.16
235,Sonnie,Beckson,sbeckson6i@squidoo.com,Female,93.142.187.225
236,Jess,Pinching,jpinching6j@pagesperso-orange.fr,Male,22.5.94.184
237,Nestor,Deneve,ndeneve6k@tamu.edu,Male,185.220.143.18
238,Herman,Richardsson,hrichardsson6l@cam.ac.uk,Male,82.95.21.237
239,Filip,Neasam,fneasam6m@buzzfeed.com,Male,224.241.150.107
240,Kalli,McGilvra,kmcgilvra6n@unc.edu,Female,79.95.84.251
241,Rowland,Mowbury,rmowbury6o@blogtalkradio.com,Male,91.192.14.231
242,Selina,Georghiou,sgeorghiou6p@cnet.com,Female,185.37.156.37
243,Davide,Lutton,dlutton6q@github.com,Male,185.42.67.82
244,Vale,Wicks,vwicks6r@mozilla.org,Male,172.49.134.146
245,Lindsey,Dinneen,ldinneen6s@live.com,Male,186.249.140.46
246,Reilly,Sartain,rsartain6t@forbes.com,Male,118.54.63.218
247,Brena,Cradey,bcradey6u@wix.com,Female,114.80.161.2
248,Doralin,Steven,dsteven6v@prweb.com,Female,36.32.193.242
249,Ramsey,Chevin,rchevin6w@cafepress.com,Male,54.117.172.42
250,Evangeline,Antrobus,eantrobus6x@gov.uk,Female,190.255.32.55
251,Ethe,Prandin,eprandin6y@addthis.com,Male,110.150.228.189
252,Francoise,Lewson,flewson6z@mozilla.com,Female,12.18.234.45
253,Biddy,Ropp,bropp70@printfriendly.com,Female,222.162.243.19
254,Marshall,Plumstead,mplumstead71@answers.com,Male,20.229.94.29
255,Earvin,Wyard,ewyard72@census.gov,Male,166.51.229.233
256,Emili,Follin,efollin73@geocities.com,Female,229.103.219.194
257,Em,Chessell,echessell74@cornell.edu,Female,182.13.242.71
258,Colette,Ughini,cughini75@freewebs.com,Female,67.52.126.183
259,Hinze,McKernan,hmckernan76@goo.ne.jp,Male,188.246.168.236
260,Anatollo,Findlater,afindlater77@ycombinator.com,Male,105.32.221.88
261,Emmanuel,Punshon,epunshon78@smugmug.com,Male,133.67.108.88
262,Maurizia,Massen,mmassen79@seattletimes.com,Female,96.200.246.124
263,Edwina,Lunck,elunck7a@tiny.cc,Female,228.35.150.94
264,Shelley,Alves,salves7b@bing.com,Male,197.150.136.177
265,Neils,Bodd,nbodd7c@aol.com,Male,230.3.180.229
266,Thebault,Swiggs,tswiggs7d@taobao.com,Male,106.19.95.194
267,Evin,Machent,emachent7e@dedecms.com,Male,92.124.143.95
268,Franklyn,Binestead,fbinestead7f@skype.com,Male,128.37.189.9
269,Tate,Crasford,tcrasford7g@histats.com,Female,194.62.78.249
270,Mattie,Wakes,mwakes7h@blogger.com,Female,174.217.66.141
271,Rosabelle,Swate,rswate7i@so-net.ne.jp,Female,139.23.106.10
272,Alysa,Elmhirst,aelmhirst7j@arstechnica.com,Female,171.46.248.152
273,Alexina,Noquet,anoquet7k@xrea.com,Female,13.46.241.33
274,Alta,Bonsall,abonsall7l@mashable.com,Female,59.0.220.173
275,Dolores,Worsfield,dworsfield7m@sakura.ne.jp,Female,197.200.233.57
276,Hillie,Dipple,hdipple7n@google.co.uk,Male,15.14.34.242
277,Barton,Berzon,bberzon7o@gravatar.com,Male,194.54.204.223
278,Jean,Czaja,jczaja7p@g.co,Male,47.183.42.22
279,Lalo,Kielty,lkielty7q@china.com.cn,Male,5.193.18.50
280,Cherry,Sibylla,csibylla7r@prnewswire.com,Female,74.254.98.222
281,Adrian,Sammes,asammes7s@macromedia.com,Male,183.65.10.58
282,Orren,Breward,obreward7t@berkeley.edu,Male,68.128.97.250
283,Luz,Morais,lmorais7u@i2i.jp,Female,224.8.135.147
284,Leah,Neads,lneads7v@deviantart.com,Female,206.186.7.237
285,Gregorius,Junkin,gjunkin7w@gnu.org,Male,181.190.177.1
286,Abbey,Abrey,aabrey7x@blogger.com,Male,225.248.84.230
287,Lucy,Kerans,lkerans7y@abc.net.au,Female,172.13.118.248
288,Garrick,Crackel,gcrackel7z@google.cn,Male,187.205.3.220
289,Rufus,Line,rline80@myspace.com,Male,168.102.63.55
290,Emmery,Christoffels,echristoffels81@de.vu,Male,249.72.75.108
291,Selinda,Maryott,smaryott82@usnews.com,Female,184.155.184.71
292,Byrle,Brumen,bbrumen83@usatoday.com,Male,52.135.168.64
293,Miran,Grayland,mgrayland84@about.me,Female,216.137.56.126
294,Livvyy,Eilles,leilles85@google.pl,Female,191.163.54.241
295,Rolph,MacAndie,rmacandie86@cnn.com,Male,8.30.176.17
296,Burty,Hobbing,bhobbing87@homestead.com,Male,160.66.65.112
297,Virgie,Cromack,vcromack88@hexun.com,Male,2.63.229.204
298,Giacopo,Andrejs,gandrejs89@vinaora.com,Male,80.57.114.223
299,Mary,Zambon,mzambon8a@xinhuanet.com,Female,232.144.47.215